brand_name,generic_name,year
Acarbose,Acarbose,2022
Actoplus Met,Pioglitazone Hcl/Metformin Hcl,2022
Actos,Pioglitazone Hcl,2022
Adlyxin,Lixisenatide,2022
Admelog,Insulin Lispro,2022
Admelog Solostar,Insulin Lispro,2022
Advocate Syringes,"Syringe And Needle,insulin,1ml",2022
Advocate Syringes,"Syringe-Needle,insulin,0.5 Ml",2022
Afrezza,"Insulin Regular, Human",2022
Alogliptin,Alogliptin Benzoate,2022
Alogliptin-Metformin,Alogliptin Benz/Metformin Hcl,2022
Alogliptin-Pioglitazone,Alogliptin Benz/Pioglitazone,2022
Amaryl,Glimepiride,2022
Apidra,Insulin Glulisine,2022
Apidra Solostar,Insulin Glulisine,2022
Basaglar Kwikpen U-100,"Insulin Glargine,hum.Rec.Anlog",2022
Bd Insulin Syringe Ult-Fine Ii,"Syringe-Needle,insulin,0.5 Ml",2022
Bd Insulin Syringe Ultra-Fine,"Syringe-Needle,insulin,0.5 Ml",2022
Bydureon Bcise,Exenatide Microspheres,2022
Bydureon Pen,Exenatide Microspheres,2022
Byetta,Exenatide,2022
Cequr Simplicity,"Bolus Insulin Pump, 200 Unit",2022
Comfort Ez Insulin Syringe,"Syringe And Needle,insulin,1ml",2022
Comfort Ez Insulin Syringe,"Syringe-Needle,insulin,0.5 Ml",2022
Droplet Insulin Syringe,"Syringe And Needle,insulin,1ml",2022
Easy Comfort Insulin Syringe,"Syringe And Needle,insulin,1ml",2022
Easy Comfort Insulin Syringe,"Syringe-Needle,insulin,0.5 Ml",2022
Easy Glide Insulin Syringe,"Syringe And Needle,insulin,1ml",2022
Easy Glide Insulin Syringe,"Syringe-Needle,insulin,0.5 Ml",2022
Easy Touch,"Syringe And Needle,insulin,1ml",2022
Easy Touch,"Syringe-Needle,insulin,0.5 Ml",2022
Easy Touch Insulin Syringe,"Syringe And Needle,insulin,1ml",2022
Easy Touch Insulin Syringe,"Syringe-Needle,insulin,0.5 Ml",2022
Easy-Touch Insulin Syringe,"Syringe And Needle,insulin,1ml",2022
Exel Insulin Syringe,"Syringe-Needle,insulin,0.5 Ml",2022
Farxiga,Dapagliflozin Propanediol,2022
Fiasp,Insulin Aspart (Niacinamide),2022
Fiasp Flextouch,Insulin Aspart (Niacinamide),2022
Fiasp Penfill,Insulin Aspart (Niacinamide),2022
Glimepiride,Glimepiride,2022
Glipizide,Glipizide,2022
Glipizide Er,Glipizide,2022
Glipizide Xl,Glipizide,2022
Glipizide-Metformin,Glipizide/Metformin Hcl,2022
Glucotrol Xl,Glipizide,2022
Glumetza,Metformin Hcl,2022
Glyburide,Glyburide,2022
Glyburide Micronized,"Glyburide,micronized",2022
Glyburide-Metformin Hcl,Glyburide/Metformin Hcl,2022
Glyxambi,Empagliflozin/Linagliptin,2022
Healthwise Insulin Syringe,"Syringe And Needle,insulin,1ml",2022
Healthwise Insulin Syringe,"Syringe-Needle,insulin,0.5 Ml",2022
Humalog,Insulin Lispro,2022
Humalog Junior Kwikpen,Insulin Lispro,2022
Humalog Kwikpen U-100,Insulin Lispro,2022
Humalog Kwikpen U-200,Insulin Lispro,2022
Humalog Mix 50-50,Insulin Lispro Protamin/Lispro,2022
Humalog Mix 50-50 Kwikpen,Insulin Lispro Protamin/Lispro,2022
Humalog Mix 75-25,Insulin Lispro Protamin/Lispro,2022
Humalog Mix 75-25 Kwikpen,Insulin Lispro Protamin/Lispro,2022
Humulin 70-30,Insulin Nph Hum/Reg Insulin Hm,2022
Humulin 70/30 Kwikpen,Insulin Nph Hum/Reg Insulin Hm,2022
Humulin N,Insulin Nph Human Isophane,2022
Humulin N Kwikpen,Insulin Nph Human Isophane,2022
Humulin R,"Insulin Regular, Human",2022
Humulin R U-500,"Insulin Regular, Human",2022
Humulin R U-500 Kwikpen,"Insulin Regular, Human",2022
Inpen (For Humalog),"Insulin Pen,reusable,bt Lispro",2022
Inpen (For Novolog Or Fiasp),"Insulin Pen,reusable,bt,aspart",2022
Insulin Aspart,Insulin Aspart,2022
Insulin Aspart Flexpen,Insulin Aspart,2022
Insulin Aspart Penfill,Insulin Aspart,2022
Insulin Aspart Prot Mix 70-30,Insulin Aspart Prot/Insuln Asp,2022
Insulin Degludec Pen (U-100),Insulin Degludec,2022
Insulin Degludec Pen (U-200),Insulin Degludec,2022
Insulin Glargine,"Insulin Glargine,hum.Rec.Anlog",2022
Insulin Glargine Solostar,"Insulin Glargine,hum.Rec.Anlog",2022
Insulin Glargine-Yfgn,Insulin Glargine-Yfgn,2022
Insulin Lispro,Insulin Lispro,2022
Insulin Lispro Junior Kwikpen,Insulin Lispro,2022
Insulin Lispro Kwikpen U-100,Insulin Lispro,2022
Insulin Lispro Protamine Mix,Insulin Lispro Protamin/Lispro,2022
Insulin Syringe,"Syringe And Needle,insulin,1ml",2022
Insulin Syringe,"Syringe,insulin,needless 1 Ml",2022
Insulin Syringe,"Syringe-Needle,insulin,0.5 Ml",2022
Invokamet,Canagliflozin/Metformin Hcl,2022
Invokamet Xr,Canagliflozin/Metformin Hcl,2022
Invokana,Canagliflozin,2022
Janumet,Sitagliptin Phos/Metformin Hcl,2022
Janumet Xr,Sitagliptin Phos/Metformin Hcl,2022
Januvia,Sitagliptin Phosphate,2022
Jardiance,Empagliflozin,2022
Jentadueto,Linagliptin/Metformin Hcl,2022
Jentadueto Xr,Linagliptin/Metformin Hcl,2022
Kazano,Alogliptin Benz/Metformin Hcl,2022
Kombiglyze Xr,Saxagliptin Hcl/Metformin Hcl,2022
Lantus,"Insulin Glargine,hum.Rec.Anlog",2022
Lantus Solostar,"Insulin Glargine,hum.Rec.Anlog",2022
Levemir,Insulin Detemir,2022
Levemir Flextouch,Insulin Detemir,2022
Lite Touch,"Syringe And Needle,insulin,1ml",2022
Lite Touch,"Syringe-Needle,insulin,0.5 Ml",2022
Luer-Lok Syringe,"Syringe,insulin,needless 1 Ml",2022
Lyumjev,Insulin Lispro-Aabc,2022
Lyumjev Kwikpen U-100,Insulin Lispro-Aabc,2022
Lyumjev Kwikpen U-200,Insulin Lispro-Aabc,2022
Metformin Er Gastric,Metformin Hcl,2022
Metformin Er Osmotic,Metformin Hcl,2022
Metformin Hcl,Metformin Hcl,2022
Metformin Hcl Er,Metformin Hcl,2022
Miglitol,Miglitol,2022
Monoject Insulin Safety Syrng,"Syringe With Needle, Insulin",2022
Monoject Insulin Syringe,"Syringe And Needle,insulin,1ml",2022
Monoject Insulin Syringe,"Syringe-Needle,insulin,0.5 Ml",2022
Mounjaro,Tirzepatide,2022
Myxredlin,Insulin Regular In 0.9 % Nacl,2022
Nateglinide,Nateglinide,2022
Nesina,Alogliptin Benzoate,2022
Novolin 70-30,Insulin Nph Hum/Reg Insulin Hm,2022
Novolin 70-30 Flexpen,Insulin Nph Hum/Reg Insulin Hm,2022
Novolin N,Insulin Nph Human Isophane,2022
Novolin N Flexpen,Insulin Nph Human Isophane,2022
Novolin R,"Insulin Regular, Human",2022
Novolin R Flexpen,"Insulin Regular, Human",2022
Novolog,Insulin Aspart,2022
Novolog Flexpen,Insulin Aspart,2022
Novolog Mix 70-30,Insulin Aspart Prot/Insuln Asp,2022
Novolog Mix 70-30 Flexpen,Insulin Aspart Prot/Insuln Asp,2022
Novolog Penfill,Insulin Aspart,2022
Omnipod 5 G6 Intro Kit (Gen 5),"Insulin Pump Cart,auto,bt/Cntr",2022
Omnipod 5 G6 Pods (Gen 5),"Insulin Pump Cart,automated,bt",2022
Omnipod Classic Pods (Gen 3),"Insulin Pump Cart,cont Inf,rf",2022
Omnipod Dash Pods (Gen 4),"Insulin Pump Cart,cont Inf,bt",2022
Onglyza,Saxagliptin Hcl,2022
Oseni,Alogliptin Benz/Pioglitazone,2022
Ozempic,Semaglutide,2022
Pioglitazone Hcl,Pioglitazone Hcl,2022
Pioglitazone-Glimepiride,Pioglitazone Hcl/Glimepiride,2022
Pioglitazone-Metformin,Pioglitazone Hcl/Metformin Hcl,2022
Precision,"Syringe And Needle,insulin,1ml",2022
Qtern,Dapagliflozin/Saxagliptin Hcl,2022
Repaglinide,Repaglinide,2022
Rybelsus,Semaglutide,2022
Safetyglide Insulin Syringe,"Syringe And Needle,insulin,1ml",2022
Safetyglide Insulin Syringe,"Syringe-Needle,insulin,0.5 Ml",2022
Safetyglide Syringe,"Syringe And Needle,insulin,1ml",2022
Segluromet,Ertugliflozin/Metformin,2022
Semglee,"Insulin Glargine,hum.Rec.Anlog",2022
Semglee (Yfgn),Insulin Glargine-Yfgn,2022
Semglee (Yfgn) Pen,Insulin Glargine-Yfgn,2022
Semglee Pen,"Insulin Glargine,hum.Rec.Anlog",2022
Soliqua 100-33,Insulin Glargine/Lixisenatide,2022
Steglatro,Ertugliflozin Pidolate,2022
Steglujan,Ertugliflozin/Sitagliptin Phos,2022
Sure Comfort,"Syringe And Needle,insulin,1ml",2022
Sure Comfort,"Syringe-Needle,insulin,0.5 Ml",2022
Sure Comfort Insulin Syringe,"Syringe And Needle,insulin,1ml",2022
Sure Comfort Insulin Syringe,"Syringe-Needle,insulin,0.5 Ml",2022
Sure-Ject Insulin Syringe,"Syringe-Needle,insulin,0.5 Ml",2022
Symlinpen 120,Pramlintide Acetate,2022
Symlinpen 60,Pramlintide Acetate,2022
Synjardy,Empagliflozin/Metformin Hcl,2022
Synjardy Xr,Empagliflozin/Metformin Hcl,2022
Techlite Insulin Syringe,"Syringe And Needle,insulin,1ml",2022
Terumo Insulin Syringe,"Syringe-Needle,insulin,0.5 Ml",2022
Toujeo Max Solostar,"Insulin Glargine,hum.Rec.Anlog",2022
Toujeo Solostar,"Insulin Glargine,hum.Rec.Anlog",2022
Tradjenta,Linagliptin,2022
Tresiba,Insulin Degludec,2022
Tresiba Flextouch U-100,Insulin Degludec,2022
Tresiba Flextouch U-200,Insulin Degludec,2022
Trijardy Xr,Empaglifloz/Linaglip/Metformin,2022
True Comfort Pro Ins Syringe,"Syringe-Needle,insulin,0.5 Ml",2022
Trueplus Insulin Syringe,"Syringe And Needle,insulin,1ml",2022
Trueplus Insulin Syringe,"Syringe-Needle,insulin,0.5 Ml",2022
Trulicity,Dulaglutide,2022
Ulticare,"Syringe And Needle,insulin,1ml",2022
Ulticare,"Syringe-Needle,insulin,0.5 Ml",2022
Ulticare Insulin Syringe,"Syringe And Needle,insulin,1ml",2022
Ulticare Insulin Syringe,"Syringe-Needle,insulin,0.5 Ml",2022
Ultra Comfort,"Syringe And Needle,insulin,1ml",2022
Ultra Comfort,"Syringe-Needle,insulin,0.5 Ml",2022
Ultra-Thin Ii,"Syringe And Needle,insulin,1ml",2022
Ultra-Thin Ii,"Syringe-Needle,insulin,0.5 Ml",2022
Ultracare Insulin Syringe,"Syringe And Needle,insulin,1ml",2022
Ultracare Insulin Syringe,"Syringe-Needle,insulin,0.5 Ml",2022
V-Go 20,"Sub-Q Insulin Device, 20 Unit",2022
V-Go 30,"Sub-Q Insulin Device, 30 Unit",2022
V-Go 40,"Sub-Q Insulin Device, 40 Unit",2022
Vanishpoint,"Syringe And Needle,insulin,1ml",2022
Vanishpoint,"Syringe-Needle,insulin,0.5 Ml",2022
Veo Insulin Syringe,"Syringe And Needle,insulin,1ml",2022
Veo Insulin Syringe,"Syringe-Needle,insulin,0.5 Ml",2022
Victoza 2-Pak,Liraglutide,2022
Victoza 3-Pak,Liraglutide,2022
Xigduo Xr,Dapagliflozin/Metformin Hcl,2022
Xultophy 100-3.6,Insulin Degludec/Liraglutide,2022
Acarbose,Acarbose,2023
Actoplus Met,Pioglitazone Hcl/Metformin Hcl,2023
Actos,Pioglitazone Hcl,2023
Admelog,Insulin Lispro,2023
Admelog Solostar,Insulin Lispro,2023
Advocate Syringes,"Syringe And Needle,insulin,1ml",2023
Advocate Syringes,"Syringe-Needle,insulin,0.5 Ml",2023
Afrezza,"Insulin Regular, Human",2023
Alogliptin,Alogliptin Benzoate,2023
Alogliptin-Metformin,Alogliptin Benz/Metformin Hcl,2023
Alogliptin-Pioglitazone,Alogliptin Benz/Pioglitazone,2023
Amaryl,Glimepiride,2023
Apidra,Insulin Glulisine,2023
Apidra Solostar,Insulin Glulisine,2023
Basaglar Kwikpen U-100,"Insulin Glargine,hum.Rec.Anlog",2023
Bd Insulin Syringe,"Syringe And Needle,insulin,1ml",2023
Bd Insulin Syringe Ult-Fine Ii,"Syringe-Needle,insulin,0.5 Ml",2023
Bd Insulin Syringe Ultra-Fine,"Syringe-Needle,insulin,0.5 Ml",2023
Bydureon Bcise,Exenatide Microspheres,2023
Byetta,Exenatide,2023
Cequr Simplicity,"Bolus Insulin Pump, 200 Unit",2023
Comfort Ez Insulin Syringe,"Syringe And Needle,insulin,1ml",2023
Comfort Ez Insulin Syringe,"Syringe-Needle,insulin,0.5 Ml",2023
Droplet Insulin Syringe,"Syringe And Needle,insulin,1ml",2023
Easy Comfort Insulin Syringe,"Syringe And Needle,insulin,1ml",2023
Easy Comfort Insulin Syringe,"Syringe-Needle,insulin,0.5 Ml",2023
Easy Glide Insulin Syringe,"Syringe And Needle,insulin,1ml",2023
Easy Glide Insulin Syringe,"Syringe-Needle,insulin,0.5 Ml",2023
Easy Touch,"Syringe And Needle,insulin,1ml",2023
Easy Touch,"Syringe-Needle,insulin,0.5 Ml",2023
Easy Touch Insulin Syringe,"Syringe And Needle,insulin,1ml",2023
Easy Touch Insulin Syringe,"Syringe-Needle,insulin,0.5 Ml",2023
Easy-Touch Insulin Syringe,"Syringe And Needle,insulin,1ml",2023
Elite-Thin,"Syringe And Needle,insulin,1ml",2023
Farxiga,Dapagliflozin Propanediol,2023
Fiasp,Insulin Aspart (Niacinamide),2023
Fiasp Flextouch,Insulin Aspart (Niacinamide),2023
Fiasp Penfill,Insulin Aspart (Niacinamide),2023
Glimepiride,Glimepiride,2023
Glipizide,Glipizide,2023
Glipizide Er,Glipizide,2023
Glipizide Xl,Glipizide,2023
Glipizide-Metformin,Glipizide/Metformin Hcl,2023
Glucotrol Xl,Glipizide,2023
Glumetza,Metformin Hcl,2023
Glyburide,Glyburide,2023
Glyburide Micronized,"Glyburide,micronized",2023
Glyburide-Metformin Hcl,Glyburide/Metformin Hcl,2023
Glyxambi,Empagliflozin/Linagliptin,2023
Healthwise Insulin Syringe,"Syringe And Needle,insulin,1ml",2023
Humalog,Insulin Lispro,2023
Humalog Junior Kwikpen,Insulin Lispro,2023
Humalog Kwikpen U-100,Insulin Lispro,2023
Humalog Kwikpen U-200,Insulin Lispro,2023
Humalog Mix 50-50,Insulin Lispro Protamin/Lispro,2023
Humalog Mix 50-50 Kwikpen,Insulin Lispro Protamin/Lispro,2023
Humalog Mix 75-25,Insulin Lispro Protamin/Lispro,2023
Humalog Mix 75-25 Kwikpen,Insulin Lispro Protamin/Lispro,2023
Humalog Tempo Pen U-100,Insulin Lispro,2023
Humulin 70-30,Insulin Nph Hum/Reg Insulin Hm,2023
Humulin 70/30 Kwikpen,Insulin Nph Hum/Reg Insulin Hm,2023
Humulin N,Insulin Nph Human Isophane,2023
Humulin N Kwikpen,Insulin Nph Human Isophane,2023
Humulin R,"Insulin Regular, Human",2023
Humulin R U-500,"Insulin Regular, Human",2023
Humulin R U-500 Kwikpen,"Insulin Regular, Human",2023
Inpen (For Humalog),"Insulin Pen,reusable,bt Lispro",2023
Inpen (For Novolog Or Fiasp),"Insulin Pen,reusable,bt,aspart",2023
Insulin Aspart,Insulin Aspart,2023
Insulin Aspart Flexpen,Insulin Aspart,2023
Insulin Aspart Penfill,Insulin Aspart,2023
Insulin Aspart Prot Mix 70-30,Insulin Aspart Prot/Insuln Asp,2023
Insulin Degludec,Insulin Degludec,2023
Insulin Degludec Pen (U-100),Insulin Degludec,2023
Insulin Degludec Pen (U-200),Insulin Degludec,2023
Insulin Glargine,"Insulin Glargine,hum.Rec.Anlog",2023
Insulin Glargine Solostar,"Insulin Glargine,hum.Rec.Anlog",2023
Insulin Glargine-Yfgn,Insulin Glargine-Yfgn,2023
Insulin Lispro,Insulin Lispro,2023
Insulin Lispro Junior Kwikpen,Insulin Lispro,2023
Insulin Lispro Kwikpen U-100,Insulin Lispro,2023
Insulin Lispro Protamine Mix,Insulin Lispro Protamin/Lispro,2023
Insulin Syringe,"Syringe And Needle,insulin,1ml",2023
Insulin Syringe,"Syringe,insulin,needless 1 Ml",2023
Insulin Syringe,"Syringe-Needle,insulin,0.5 Ml",2023
Invokamet,Canagliflozin/Metformin Hcl,2023
Invokamet Xr,Canagliflozin/Metformin Hcl,2023
Invokana,Canagliflozin,2023
Janumet,Sitagliptin Phos/Metformin Hcl,2023
Janumet Xr,Sitagliptin Phos/Metformin Hcl,2023
Januvia,Sitagliptin Phosphate,2023
Jardiance,Empagliflozin,2023
Jentadueto,Linagliptin/Metformin Hcl,2023
Jentadueto Xr,Linagliptin/Metformin Hcl,2023
Kazano,Alogliptin Benz/Metformin Hcl,2023
Kombiglyze Xr,Saxagliptin Hcl/Metformin Hcl,2023
Lantus,"Insulin Glargine,hum.Rec.Anlog",2023
Lantus Solostar,"Insulin Glargine,hum.Rec.Anlog",2023
Levemir,Insulin Detemir,2023
Levemir Flexpen,Insulin Detemir,2023
Levemir Flextouch,Insulin Detemir,2023
Lite Touch,"Syringe And Needle,insulin,1ml",2023
Lite Touch,"Syringe-Needle,insulin,0.5 Ml",2023
Lyumjev,Insulin Lispro-Aabc,2023
Lyumjev Kwikpen U-100,Insulin Lispro-Aabc,2023
Lyumjev Kwikpen U-200,Insulin Lispro-Aabc,2023
Lyumjev Tempo Pen U-100,Insulin Lispro-Aabc,2023
Metformin Er Gastric,Metformin Hcl,2023
Metformin Er Osmotic,Metformin Hcl,2023
Metformin Hcl,Metformin Hcl,2023
Metformin Hcl Er,Metformin Hcl,2023
Miglitol,Miglitol,2023
Monoject,"Syringe-Needle,insulin,0.5 Ml",2023
Monoject Insulin Safety Syrng,"Syringe With Needle, Insulin",2023
Monoject Insulin Syringe,"Syringe And Needle,insulin,1ml",2023
Monoject Insulin Syringe,"Syringe-Needle,insulin,0.5 Ml",2023
Mounjaro,Tirzepatide,2023
Nateglinide,Nateglinide,2023
Nesina,Alogliptin Benzoate,2023
Novolin 70-30,Insulin Nph Hum/Reg Insulin Hm,2023
Novolin 70-30 Flexpen,Insulin Nph Hum/Reg Insulin Hm,2023
Novolin N,Insulin Nph Human Isophane,2023
Novolin N Flexpen,Insulin Nph Human Isophane,2023
Novolin R,"Insulin Regular, Human",2023
Novolin R Flexpen,"Insulin Regular, Human",2023
Novolog,Insulin Aspart,2023
Novolog Flexpen,Insulin Aspart,2023
Novolog Mix 70-30,Insulin Aspart Prot/Insuln Asp,2023
Novolog Mix 70-30 Flexpen,Insulin Aspart Prot/Insuln Asp,2023
Novolog Penfill,Insulin Aspart,2023
Omnipod 5 G6 Intro Kit (Gen 5),"Insulin Pump Cart,auto,bt/Cntr",2023
Omnipod 5 G6 Pods (Gen 5),"Insulin Pump Cart,automated,bt",2023
Omnipod Classic Pods (Gen 3),"Insulin Pump Cart,cont Inf,rf",2023
Omnipod Dash Pods (Gen 4),"Insulin Pump Cart,cont Inf,bt",2023
Onglyza,Saxagliptin Hcl,2023
Oseni,Alogliptin Benz/Pioglitazone,2023
Ozempic,Semaglutide,2023
Pioglitazone Hcl,Pioglitazone Hcl,2023
Pioglitazone-Glimepiride,Pioglitazone Hcl/Glimepiride,2023
Pioglitazone-Metformin,Pioglitazone Hcl/Metformin Hcl,2023
Qtern,Dapagliflozin/Saxagliptin Hcl,2023
Repaglinide,Repaglinide,2023
Rezvoglar Kwikpen,Insulin Glargine-Aglr,2023
Rybelsus,Semaglutide,2023
Safetyglide Insulin Syringe,"Syringe And Needle,insulin,1ml",2023
Safetyglide Insulin Syringe,"Syringe-Needle,insulin,0.5 Ml",2023
Safetyglide Syringe,"Syringe And Needle,insulin,1ml",2023
Saxagliptin Hcl,Saxagliptin Hcl,2023
Saxagliptin-Metformin Er,Saxagliptin Hcl/Metformin Hcl,2023
Segluromet,Ertugliflozin/Metformin,2023
Semglee (Yfgn),Insulin Glargine-Yfgn,2023
Semglee (Yfgn) Pen,Insulin Glargine-Yfgn,2023
Soliqua 100-33,Insulin Glargine/Lixisenatide,2023
Steglatro,Ertugliflozin Pidolate,2023
Steglujan,Ertugliflozin/Sitagliptin Phos,2023
Sure Comfort,"Syringe And Needle,insulin,1ml",2023
Sure Comfort,"Syringe-Needle,insulin,0.5 Ml",2023
Sure Comfort Insulin Syringe,"Syringe And Needle,insulin,1ml",2023
Sure Comfort Insulin Syringe,"Syringe-Needle,insulin,0.5 Ml",2023
Sure-Ject Insulin Syringe,"Syringe-Needle,insulin,0.5 Ml",2023
Symlinpen 120,Pramlintide Acetate,2023
Symlinpen 60,Pramlintide Acetate,2023
Synjardy,Empagliflozin/Metformin Hcl,2023
Synjardy Xr,Empagliflozin/Metformin Hcl,2023
Techlite Insulin Syringe,"Syringe And Needle,insulin,1ml",2023
Terumo Insulin Syringe,"Syringe-Needle,insulin,0.5 Ml",2023
Toujeo Max Solostar,"Insulin Glargine,hum.Rec.Anlog",2023
Toujeo Solostar,"Insulin Glargine,hum.Rec.Anlog",2023
Tradjenta,Linagliptin,2023
Tresiba,Insulin Degludec,2023
Tresiba Flextouch U-100,Insulin Degludec,2023
Tresiba Flextouch U-200,Insulin Degludec,2023
Trijardy Xr,Empaglifloz/Linaglip/Metformin,2023
True Comfort Pro Ins Syringe,"Syringe And Needle,insulin,1ml",2023
True Comfort Pro Ins Syringe,"Syringe-Needle,insulin,0.5 Ml",2023
Trueplus Insulin Syringe,"Syringe And Needle,insulin,1ml",2023
Trueplus Insulin Syringe,"Syringe-Needle,insulin,0.5 Ml",2023
Trulicity,Dulaglutide,2023
Ulticare,"Syringe And Needle,insulin,1ml",2023
Ulticare,"Syringe-Needle,insulin,0.5 Ml",2023
Ulticare Insulin Syringe,"Syringe And Needle,insulin,1ml",2023
Ulticare Insulin Syringe,"Syringe-Needle,insulin,0.5 Ml",2023
Ultra Comfort,"Syringe And Needle,insulin,1ml",2023
Ultra Comfort,"Syringe-Needle,insulin,0.5 Ml",2023
Ultra-Thin Ii,"Syringe And Needle,insulin,1ml",2023
Ultra-Thin Ii,"Syringe-Needle,insulin,0.5 Ml",2023
Ultracare Insulin Syringe,"Syringe And Needle,insulin,1ml",2023
Ultracare Insulin Syringe,"Syringe-Needle,insulin,0.5 Ml",2023
V-Go 20,"Sub-Q Insulin Device, 20 Unit",2023
V-Go 30,"Sub-Q Insulin Device, 30 Unit",2023
V-Go 40,"Sub-Q Insulin Device, 40 Unit",2023
Vanishpoint,"Syringe And Needle,insulin,1ml",2023
Vanishpoint,"Syringe-Needle,insulin,0.5 Ml",2023
Veo Insulin Syringe,"Syringe And Needle,insulin,1ml",2023
Veo Insulin Syringe,"Syringe-Needle,insulin,0.5 Ml",2023
Victoza 2-Pak,Liraglutide,2023
Victoza 3-Pak,Liraglutide,2023
Xigduo Xr,Dapaglifloz Propaned/Metformin,2023
Xultophy 100-3.6,Insulin Degludec/Liraglutide,2023
Acarbose,Acarbose,2024
Actoplus Met,Pioglitazone Hcl/Metformin Hcl,2024
Actos,Pioglitazone Hcl,2024
Admelog,Insulin Lispro,2024
Admelog Solostar,Insulin Lispro,2024
Advocate Syringes,"Syringe And Needle,insulin,1ml",2024
Advocate Syringes,"Syringe-Needle,insulin,0.5 Ml",2024
Afrezza,"Insulin Regular, Human",2024
Alogliptin,Alogliptin Benzoate,2024
Alogliptin-Metformin,Alogliptin Benz/Metformin Hcl,2024
Alogliptin-Pioglitazone,Alogliptin Benz/Pioglitazone,2024
Apidra,Insulin Glulisine,2024
Apidra Solostar,Insulin Glulisine,2024
Basaglar Kwikpen U-100,"Insulin Glargine,hum.Rec.Anlog",2024
Basaglar Tempo Pen U-100,"Insulin Glargine,hum.Rec.Anlog",2024
Bd Insulin Syringe Ult-Fine Ii,"Syringe-Needle,insulin,0.5 Ml",2024
Bd Insulin Syringe Ultra-Fine,"Syringe-Needle,insulin,0.5 Ml",2024
Bydureon Bcise,Exenatide Microspheres,2024
Byetta,Exenatide,2024
Cequr Simplicity,"Bolus Insulin Pump, 200 Unit",2024
Comfort Ez Insulin Syringe,"Syringe And Needle,insulin,1ml",2024
Comfort Ez Insulin Syringe,"Syringe-Needle,insulin,0.5 Ml",2024
Dapagliflozin,Dapagliflozin Propanediol,2024
Dapagliflozin-Metformin Er,Dapaglifloz Propaned/Metformin,2024
Droplet Insulin Syringe,"Syringe And Needle,insulin,1ml",2024
Easy Comfort Insulin Syringe,"Syringe And Needle,insulin,1ml",2024
Easy Comfort Insulin Syringe,"Syringe-Needle,insulin,0.5 Ml",2024
Easy Glide Insulin Syringe,"Syringe And Needle,insulin,1ml",2024
Easy Glide Insulin Syringe,"Syringe-Needle,insulin,0.5 Ml",2024
Easy Touch,"Syringe And Needle,insulin,1ml",2024
Easy Touch,"Syringe-Needle,insulin,0.5 Ml",2024
Easy Touch Insulin Syringe,"Syringe And Needle,insulin,1ml",2024
Easy Touch Insulin Syringe,"Syringe-Needle,insulin,0.5 Ml",2024
Easy-Touch Insulin Syringe,"Syringe And Needle,insulin,1ml",2024
Farxiga,Dapagliflozin Propanediol,2024
Fiasp,Insulin Aspart (Niacinamide),2024
Fiasp Flextouch,Insulin Aspart (Niacinamide),2024
Fiasp Penfill,Insulin Aspart (Niacinamide),2024
Glimepiride,Glimepiride,2024
Glipizide,Glipizide,2024
Glipizide Er,Glipizide,2024
Glipizide Xl,Glipizide,2024
Glipizide-Metformin,Glipizide/Metformin Hcl,2024
Glucotrol Xl,Glipizide,2024
Glumetza,Metformin Hcl,2024
Glyburide,Glyburide,2024
Glyburide Micronized,"Glyburide,micronized",2024
Glyburide-Metformin Hcl,Glyburide/Metformin Hcl,2024
Glyxambi,Empagliflozin/Linagliptin,2024
Humalog,Insulin Lispro,2024
Humalog Junior Kwikpen,Insulin Lispro,2024
Humalog Kwikpen U-100,Insulin Lispro,2024
Humalog Kwikpen U-200,Insulin Lispro,2024
Humalog Mix 50-50 Kwikpen,Insulin Lispro Protamin/Lispro,2024
Humalog Mix 75-25,Insulin Lispro Protamin/Lispro,2024
Humalog Mix 75-25 Kwikpen,Insulin Lispro Protamin/Lispro,2024
Humalog Tempo Pen U-100,Insulin Lispro,2024
Humulin 70-30,Insulin Nph Hum/Reg Insulin Hm,2024
Humulin 70/30 Kwikpen,Insulin Nph Hum/Reg Insulin Hm,2024
Humulin N,Insulin Nph Human Isophane,2024
Humulin N Kwikpen,Insulin Nph Human Isophane,2024
Humulin R,"Insulin Regular, Human",2024
Humulin R U-500,"Insulin Regular, Human",2024
Humulin R U-500 Kwikpen,"Insulin Regular, Human",2024
Insulin Aspart,Insulin Aspart,2024
Insulin Aspart Flexpen,Insulin Aspart,2024
Insulin Aspart Penfill,Insulin Aspart,2024
Insulin Aspart Prot Mix 70-30,Insulin Aspart Prot/Insuln Asp,2024
Insulin Degludec,Insulin Degludec,2024
Insulin Degludec Pen (U-100),Insulin Degludec,2024
Insulin Degludec Pen (U-200),Insulin Degludec,2024
Insulin Glargine,"Insulin Glargine,hum.Rec.Anlog",2024
Insulin Glargine Max Solostar,"Insulin Glargine,hum.Rec.Anlog",2024
Insulin Glargine Solostar,"Insulin Glargine,hum.Rec.Anlog",2024
Insulin Glargine-Yfgn,Insulin Glargine-Yfgn,2024
Insulin Lispro,Insulin Lispro,2024
Insulin Lispro Junior Kwikpen,Insulin Lispro,2024
Insulin Lispro Kwikpen U-100,Insulin Lispro,2024
Insulin Lispro Protamine Mix,Insulin Lispro Protamin/Lispro,2024
Insulin Syringe,"Syringe And Needle,insulin,1ml",2024
Insulin Syringe,"Syringe-Needle,insulin,0.5 Ml",2024
Invokamet,Canagliflozin/Metformin Hcl,2024
Invokamet Xr,Canagliflozin/Metformin Hcl,2024
Invokana,Canagliflozin,2024
Janumet,Sitagliptin Phos/Metformin Hcl,2024
Janumet Xr,Sitagliptin Phos/Metformin Hcl,2024
Januvia,Sitagliptin Phosphate,2024
Jardiance,Empagliflozin,2024
Jentadueto,Linagliptin/Metformin Hcl,2024
Jentadueto Xr,Linagliptin/Metformin Hcl,2024
Kombiglyze Xr,Saxagliptin Hcl/Metformin Hcl,2024
Lantus,"Insulin Glargine,hum.Rec.Anlog",2024
Lantus Solostar,"Insulin Glargine,hum.Rec.Anlog",2024
Levemir,Insulin Detemir,2024
Levemir Flexpen,Insulin Detemir,2024
Levemir Flextouch,Insulin Detemir,2024
Liraglutide,Liraglutide,2024
Lyumjev,Insulin Lispro-Aabc,2024
Lyumjev Kwikpen U-100,Insulin Lispro-Aabc,2024
Lyumjev Kwikpen U-200,Insulin Lispro-Aabc,2024
Lyumjev Tempo Pen U-100,Insulin Lispro-Aabc,2024
Metformin Er Gastric,Metformin Hcl,2024
Metformin Er Osmotic,Metformin Hcl,2024
Metformin Hcl,Metformin Hcl,2024
Metformin Hcl Er,Metformin Hcl,2024
Miglitol,Miglitol,2024
Monoject,"Syringe-Needle,insulin,0.5 Ml",2024
Monoject Insulin Safety Syrng,"Syringe With Needle, Insulin",2024
Monoject Insulin Syringe,"Syringe And Needle,insulin,1ml",2024
Monoject Insulin Syringe,"Syringe-Needle,insulin,0.5 Ml",2024
Mounjaro,Tirzepatide,2024
Nateglinide,Nateglinide,2024
Nesina,Alogliptin Benzoate,2024
Novolin 70-30,Insulin Nph Hum/Reg Insulin Hm,2024
Novolin 70-30 Flexpen,Insulin Nph Hum/Reg Insulin Hm,2024
Novolin N,Insulin Nph Human Isophane,2024
Novolin N Flexpen,Insulin Nph Human Isophane,2024
Novolin R,"Insulin Regular, Human",2024
Novolin R Flexpen,"Insulin Regular, Human",2024
Novolog,Insulin Aspart,2024
Novolog Flexpen,Insulin Aspart,2024
Novolog Mix 70-30,Insulin Aspart Prot/Insuln Asp,2024
Novolog Mix 70-30 Flexpen,Insulin Aspart Prot/Insuln Asp,2024
Novolog Penfill,Insulin Aspart,2024
Omnipod 5 Dexg7g6 Intro(Gen 5),"Insulin Pmp Cart,aut,g6/7,cntr",2024
Omnipod 5 Dexg7g6 Pods (Gen 5),"Insulin Pump Cart,auto,bt,g6/7",2024
Omnipod Classic Pods (Gen 3),"Insulin Pump Cart,cont Inf,rf",2024
Omnipod Dash Pods (Gen 4),"Insulin Pump Cart,cont Inf,bt",2024
Onglyza,Saxagliptin Hcl,2024
Ozempic,Semaglutide,2024
Pioglitazone Hcl,Pioglitazone Hcl,2024
Pioglitazone-Glimepiride,Pioglitazone Hcl/Glimepiride,2024
Pioglitazone-Metformin,Pioglitazone Hcl/Metformin Hcl,2024
Prodigy Insulin Syringe,"Syringe-Needle,insulin,0.5 Ml",2024
Qtern,Dapagliflozin/Saxagliptin Hcl,2024
Repaglinide,Repaglinide,2024
Rezvoglar Kwikpen,Insulin Glargine-Aglr,2024
Rybelsus,Semaglutide,2024
Safetyglide Insulin Syringe,"Syringe And Needle,insulin,1ml",2024
Safetyglide Insulin Syringe,"Syringe-Needle,insulin,0.5 Ml",2024
Safetyglide Syringe,"Syringe And Needle,insulin,1ml",2024
Saxagliptin Hcl,Saxagliptin Hcl,2024
Saxagliptin-Metformin Er,Saxagliptin Hcl/Metformin Hcl,2024
Segluromet,Ertugliflozin/Metformin,2024
Semglee (Yfgn),Insulin Glargine-Yfgn,2024
Semglee (Yfgn) Pen,Insulin Glargine-Yfgn,2024
Sitagliptin,Sitagliptin,2024
Soliqua 100-33,Insulin Glargine/Lixisenatide,2024
Steglatro,Ertugliflozin Pidolate,2024
Steglujan,Ertugliflozin/Sitagliptin Phos,2024
Sure Comfort,"Syringe And Needle,insulin,1ml",2024
Sure Comfort,"Syringe-Needle,insulin,0.5 Ml",2024
Sure Comfort Insulin Syringe,"Syringe-Needle,insulin,0.5 Ml",2024
Symlinpen 120,Pramlintide Acetate,2024
Symlinpen 60,Pramlintide Acetate,2024
Synjardy,Empagliflozin/Metformin Hcl,2024
Synjardy Xr,Empagliflozin/Metformin Hcl,2024
Techlite Insulin Syringe,"Syringe And Needle,insulin,1ml",2024
Toujeo Max Solostar,"Insulin Glargine,hum.Rec.Anlog",2024
Toujeo Solostar,"Insulin Glargine,hum.Rec.Anlog",2024
Tradjenta,Linagliptin,2024
Tresiba,Insulin Degludec,2024
Tresiba Flextouch U-100,Insulin Degludec,2024
Tresiba Flextouch U-200,Insulin Degludec,2024
Trijardy Xr,Empaglifloz/Linaglip/Metformin,2024
Trueplus Insulin Syringe,"Syringe And Needle,insulin,1ml",2024
Trueplus Insulin Syringe,"Syringe-Needle,insulin,0.5 Ml",2024
Trulicity,Dulaglutide,2024
Ulticare,"Syringe And Needle,insulin,1ml",2024
Ulticare,"Syringe-Needle,insulin,0.5 Ml",2024
Ulticare Insulin Syringe,"Syringe And Needle,insulin,1ml",2024
Ulticare Insulin Syringe,"Syringe-Needle,insulin,0.5 Ml",2024
Ultra Comfort,"Syringe And Needle,insulin,1ml",2024
Ultra-Thin Ii,"Syringe And Needle,insulin,1ml",2024
Ultra-Thin Ii,"Syringe-Needle,insulin,0.5 Ml",2024
Ultracare Insulin Syringe,"Syringe And Needle,insulin,1ml",2024
Ultracare Insulin Syringe,"Syringe-Needle,insulin,0.5 Ml",2024
V-Go 20,"Sub-Q Insulin Device, 20 Unit",2024
V-Go 30,"Sub-Q Insulin Device, 30 Unit",2024
V-Go 40,"Sub-Q Insulin Device, 40 Unit",2024
Vanishpoint,"Syringe And Needle,insulin,1ml",2024
Vanishpoint,"Syringe-Needle,insulin,0.5 Ml",2024
Veo Insulin Syringe,"Syringe And Needle,insulin,1ml",2024
Veo Insulin Syringe,"Syringe-Needle,insulin,0.5 Ml",2024
Victoza 2-Pak,Liraglutide,2024
Victoza 3-Pak,Liraglutide,2024
Xigduo Xr,Dapaglifloz Propaned/Metformin,2024
Xultophy 100-3.6,Insulin Degludec/Liraglutide,2024
